reason,count,pct
stop_loss,1522,53.83799080297135
time_stop,1219,43.1199151043509
crash_clear,73,2.5822426600636716
take_profit,8,0.2829854969932791
corp_action,5,0.17686593562079944
