year,return
2018,0.12719975232245018
2019,0.37826401995272385
2020,0.5474228866911819
2021,0.684242710133079
2022,0.001667892675754512
